{"cameraMode":{"drawMode":0,"name":"Shaded","section":"Shading Mode"},"sceneLighting":true,"audioPlay":false,"sceneViewState":{"showFog":true,"showMaterialUpdate":false,"showSkybox":true,"showFlares":true,"showImageEffects":true,"showParticleSystems":true,"showVisualEffectGraphs":true,"m_FxEnabled":true},"in2DMode":false,"pivot":{"x":-0.9604049324989319,"y":0.8700729608535767,"z":2.3302054405212404},"rotation":{"x":-0.10956339538097382,"y":-0.02176964096724987,"z":0.0024008983746170999,"w":-0.9937444925308228},"size":2.00685977935791,"orthographic":false}